name,area,deq,group
koewat_1_0177_RGB Trans.tiff,1446.09,42.91,ko
koewat_1_0177_RGB Trans.tiff,522.66,25.8,ko
koewat_1_0177_RGB Trans.tiff,9646.88,110.83,ko
koewat_1_0177_RGB Trans.tiff,4283.2,73.85,ko
koewat_1_0177_RGB Trans.tiff,2193.75,52.85,ko
koewat_1_0177_RGB Trans.tiff,2678.91,58.4,ko
koewat_1_0177_RGB Trans.tiff,573.83,27.03,ko
koewat_1_0177_RGB Trans.tiff,5178.91,81.2,ko
koewat_1_0177_RGB Trans.tiff,5594.53,84.4,ko
koewat_1_0177_RGB Trans.tiff,3218.36,64.01,ko
koewat_1_0177_RGB Trans.tiff,762.5,31.16,ko
koewat_1_0177_RGB Trans.tiff,788.28,31.68,ko
koewat_1_0177_RGB Trans.tiff,930.08,34.41,ko
koewat_1_0177_RGB Trans.tiff,2959.77,61.39,ko
koewat_1_0177_RGB Trans.tiff,868.75,33.26,ko
koewat_1_0177_RGB Trans.tiff,1673.83,46.16,ko
koewat_1_0177_RGB Trans.tiff,6542.97,91.27,ko
koewat_1_0177_RGB Trans.tiff,3815.23,69.7,ko
koewat_1_0177_RGB Trans.tiff,6131.64,88.36,ko
koewat_1_0177_RGB Trans.tiff,6696.09,92.33,ko
koewat_1_0177_RGB Trans.tiff,2409.38,55.39,ko
koewat_1_0177_RGB Trans.tiff,4101.17,72.26,ko
koewat_1_0177_RGB Trans.tiff,10514.84,115.71,ko
koewat_1_0177_RGB Trans.tiff,3258.59,64.41,ko
koewat_1_0177_RGB Trans.tiff,5396.48,82.89,ko
koewat_1_0177_RGB Trans.tiff,15331.25,139.72,ko
koewat_1_0177_RGB Trans.tiff,2322.27,54.38,ko
koewat_1_0177_RGB Trans.tiff,1075.78,37.01,ko
koewat_1_0177_RGB Trans.tiff,2316.02,54.3,ko
koewat_1_0177_RGB Trans.tiff,937.89,34.56,ko
koewat_1_0177_RGB Trans.tiff,4389.45,74.76,ko
koewat_1_0177_RGB Trans.tiff,1677.73,46.22,ko
koewat_1_0177_RGB Trans.tiff,767.58,31.26,ko
koewat_1_0177_RGB Trans.tiff,1994.92,50.4,ko
koewat_1_0177_RGB Trans.tiff,6455.08,90.66,ko
koewat_1_0177_RGB Trans.tiff,4823.83,78.37,ko
koewat_1_0177_RGB Trans.tiff,9251.95,108.54,ko
koewat_1_0177_RGB Trans.tiff,8785.55,105.76,ko
koewat_1_0177_RGB Trans.tiff,578.52,27.14,ko
koewat_1_0177_RGB Trans.tiff,8492.97,103.99,ko
koewat_1_0177_RGB Trans.tiff,3583.59,67.55,ko
koewat_1_0177_RGB Trans.tiff,6622.66,91.83,ko
koewat_1_0177_RGB Trans.tiff,2970.7,61.5,ko
koewat_1_0177_RGB Trans.tiff,2339.84,54.58,ko
koewat_1_0177_RGB Trans.tiff,1726.56,46.89,ko
koewat_1_0177_RGB Trans.tiff,890.23,33.67,ko
koewat_1_0177_RGB Trans.tiff,3332.81,65.14,ko
koewat_1_0177_RGB Trans.tiff,4509.77,75.78,ko
koewat_1_0177_RGB Trans.tiff,1227.73,39.54,ko
koewat_1_0177_RGB Trans.tiff,5890.23,86.6,ko
koewat_1_0177_RGB Trans.tiff,12417.58,125.74,ko
koewat_1_0177_RGB Trans.tiff,3235.16,64.18,ko
koewat_1_0177_RGB Trans.tiff,7624.61,98.53,ko
koewat_1_0177_RGB Trans.tiff,2446.09,55.81,ko
koewat_1_0177_RGB Trans.tiff,908.2,34.01,ko
koewat_1_0177_RGB Trans.tiff,4554.3,76.15,ko
koewat_1_0177_RGB Trans.tiff,2664.45,58.24,ko
koewat_1_0177_RGB Trans.tiff,7867.97,100.09,ko
koewat_1_0177_RGB Trans.tiff,9308.59,108.87,ko
koewat_1_0177_RGB Trans.tiff,761.72,31.14,ko
koewat_1_0177_RGB Trans.tiff,7482.42,97.61,ko
koewat_1_0177_RGB Trans.tiff,2728.52,58.94,ko
koewat_1_0177_RGB Trans.tiff,1030.47,36.22,ko
koewat_1_0177_RGB Trans.tiff,906.25,33.97,ko
koewat_1_0177_RGB Trans.tiff,810.55,32.13,ko
koewat_1_0177_RGB Trans.tiff,6994.14,94.37,ko
koewat_1_0177_RGB Trans.tiff,8235.55,102.4,ko
koewat_1_0177_RGB Trans.tiff,1055.08,36.65,ko
koewat_1_0177_RGB Trans.tiff,942.97,34.65,ko
koewat_1_0177_RGB Trans.tiff,1052.34,36.6,ko
koewat_1_0177_RGB Trans.tiff,6776.56,92.89,ko
koewat_1_0177_RGB Trans.tiff,8989.84,106.99,ko
koewat_1_0177_RGB Trans.tiff,14675.39,136.69,ko
koewat_1_0177_RGB Trans.tiff,1766.02,47.42,ko
koewat_1_0177_RGB Trans.tiff,1169.92,38.6,ko
koewat_1_0177_RGB Trans.tiff,4427.73,75.08,ko
koewat_1_0177_RGB Trans.tiff,2633.98,57.91,ko
koewat_1_0177_RGB Trans.tiff,2516.41,56.6,ko
koewat_1_0177_RGB Trans.tiff,6770.31,92.85,ko
koewat_1_0177_RGB Trans.tiff,6662.5,92.1,ko
koewat_1_0177_RGB Trans.tiff,4311.33,74.09,ko
koewat_1_0177_RGB Trans.tiff,3568.75,67.41,ko
koewat_1_0177_RGB Trans.tiff,3121.09,63.04,ko
koewat_1_0177_RGB Trans.tiff,2816.41,59.88,ko
koewat_1_0177_RGB Trans.tiff,764.84,31.21,ko
koewat_1_0177_RGB Trans.tiff,4438.28,75.17,ko
koewat_1_0177_RGB Trans.tiff,1566.41,44.66,ko
koewat_1_0177_RGB Trans.tiff,3355.08,65.36,ko
koewat_1_0177_RGB Trans.tiff,1720.7,46.81,ko
koewat_1_0177_RGB Trans.tiff,4612.11,76.63,ko
koewat_1_0177_RGB Trans.tiff,3434.38,66.13,ko
koewat_1_0177_RGB Trans.tiff,1350,41.46,ko
koewat_1_0177_RGB Trans.tiff,2207.03,53.01,ko
koewat_1_0177_RGB Trans.tiff,6079.69,87.98,ko
koewat_1_0177_RGB Trans.tiff,4844.53,78.54,ko
koewat_1_0177_RGB Trans.tiff,3953.52,70.95,ko
koewat_1_0177_RGB Trans.tiff,4714.45,77.48,ko
koewat_1_0177_RGB Trans.tiff,4655.47,76.99,ko
koewat_1_0177_RGB Trans.tiff,8287.89,102.73,ko
koewat_1_0177_RGB Trans.tiff,2683.2,58.45,ko
koewat_1_0177_RGB Trans.tiff,3379.3,65.59,ko
koewat_1_0177_RGB Trans.tiff,5022.27,79.97,ko
koewat_1_0177_RGB Trans.tiff,821.09,32.33,ko
koewat_1_0177_RGB Trans.tiff,2098.44,51.69,ko
koewat_1_0177_RGB Trans.tiff,11597.27,121.52,ko
koewat_1_0177_RGB Trans.tiff,508.2,25.44,ko
koewat_1_0177_RGB Trans.tiff,981.64,35.35,ko
koewat_1_0177_RGB Trans.tiff,677.73,29.38,ko
koewat_1_0177_RGB Trans.tiff,5551.95,84.08,ko
koewat_1_0177_RGB Trans.tiff,2578.91,57.3,ko
koewat_1_0177_RGB Trans.tiff,3611.72,67.81,ko
koewat_1_0177_RGB Trans.tiff,3679.3,68.44,ko
koewat_1_0177_RGB Trans.tiff,2595.31,57.48,ko
koewat_1_0177_RGB Trans.tiff,10115.23,113.49,ko
koewat_1_0177_RGB Trans.tiff,6167.97,88.62,ko
koewat_1_0177_RGB Trans.tiff,3544.53,67.18,ko
koewat_1_0177_RGB Trans.tiff,2142.19,52.23,ko
koewat_1_0177_RGB Trans.tiff,5929.69,86.89,ko
koewat_1_0177_RGB Trans.tiff,4751.17,77.78,ko
koewat_1_0177_RGB Trans.tiff,1509.77,43.84,ko
koewat_1_0177_RGB Trans.tiff,579.3,27.16,ko
koewat_1_0177_RGB Trans.tiff,901.56,33.88,ko
koewat_1_0177_RGB Trans.tiff,1703.52,46.57,ko
koewat_1_0177_RGB Trans.tiff,612.5,27.93,ko
koewat_1_0177_RGB Trans.tiff,740.23,30.7,ko
koewat_1_0177_RGB Trans.tiff,8725.78,105.4,ko
koewat_1_0177_RGB Trans.tiff,3378.52,65.59,ko
koewat_1_0177_RGB Trans.tiff,2817.19,59.89,ko
koewat_1_0177_RGB Trans.tiff,6269.14,89.34,ko
koewat_1_0177_RGB Trans.tiff,10188.28,113.9,ko
koewat_1_0177_RGB Trans.tiff,6412.5,90.36,ko
koewat_1_0177_RGB Trans.tiff,4577.34,76.34,ko
koewat_1_0177_RGB Trans.tiff,6036.33,87.67,ko
koewat_1_0177_RGB Trans.tiff,13103.91,129.17,ko
koewat_1_0177_RGB Trans.tiff,5632.81,84.69,ko
koewat_1_0177_RGB Trans.tiff,6268.36,89.34,ko
koewat_1_0177_RGB Trans.tiff,5869.92,86.45,ko
koewat_1_0177_RGB Trans.tiff,7294.92,96.38,ko
koewat_1_0177_RGB Trans.tiff,9321.88,108.94,ko
koewat_1_0177_RGB Trans.tiff,8251.17,102.5,ko
koewat_1_0177_RGB Trans.tiff,4989.84,79.71,ko
koewat_1_0177_RGB Trans.tiff,2299.61,54.11,ko
koewat_1_0177_RGB Trans.tiff,5357.81,82.59,ko
koewat_1_0177_RGB Trans.tiff,4996.88,79.76,ko
koewat_1_0177_RGB Trans.tiff,11724.61,122.18,ko
koewat_1_0177_RGB Trans.tiff,2293.36,54.04,ko
koewat_2_0180_RGB Trans.tiff,2948.44,61.27,ko
koewat_2_0180_RGB Trans.tiff,4609.77,76.61,ko
koewat_2_0180_RGB Trans.tiff,1612.11,45.31,ko
koewat_2_0180_RGB Trans.tiff,8624.61,104.79,ko
koewat_2_0180_RGB Trans.tiff,1382.42,41.95,ko
koewat_2_0180_RGB Trans.tiff,4279.69,73.82,ko
koewat_2_0180_RGB Trans.tiff,879.3,33.46,ko
koewat_2_0180_RGB Trans.tiff,2144.14,52.25,ko
koewat_2_0180_RGB Trans.tiff,2668.75,58.29,ko
koewat_2_0180_RGB Trans.tiff,2206.64,53.01,ko
koewat_2_0180_RGB Trans.tiff,9473.05,109.82,ko
koewat_2_0180_RGB Trans.tiff,2186.33,52.76,ko
koewat_2_0180_RGB Trans.tiff,1664.06,46.03,ko
koewat_2_0180_RGB Trans.tiff,2205.08,52.99,ko
koewat_2_0180_RGB Trans.tiff,2355.47,54.76,ko
koewat_2_0180_RGB Trans.tiff,1977.73,50.18,ko
koewat_2_0180_RGB Trans.tiff,941.8,34.63,ko
koewat_2_0180_RGB Trans.tiff,531.25,26.01,ko
koewat_2_0180_RGB Trans.tiff,700,29.85,ko
koewat_2_0180_RGB Trans.tiff,1993.36,50.38,ko
koewat_2_0180_RGB Trans.tiff,5456.64,83.35,ko
koewat_2_0180_RGB Trans.tiff,1549.61,44.42,ko
koewat_2_0180_RGB Trans.tiff,1583.98,44.91,ko
koewat_2_0180_RGB Trans.tiff,3345.7,65.27,ko
koewat_2_0180_RGB Trans.tiff,2744.14,59.11,ko
koewat_2_0180_RGB Trans.tiff,1140.62,38.11,ko
koewat_2_0180_RGB Trans.tiff,3676.56,68.42,ko
koewat_2_0180_RGB Trans.tiff,1809.77,48,ko
koewat_2_0180_RGB Trans.tiff,520.7,25.75,ko
koewat_2_0180_RGB Trans.tiff,8454.3,103.75,ko
koewat_2_0180_RGB Trans.tiff,2221.48,53.18,ko
koewat_2_0180_RGB Trans.tiff,772.66,31.37,ko
koewat_2_0180_RGB Trans.tiff,2361.33,54.83,ko
koewat_2_0180_RGB Trans.tiff,14029.69,133.65,ko
koewat_2_0180_RGB Trans.tiff,7638.67,98.62,ko
koewat_2_0180_RGB Trans.tiff,1343.36,41.36,ko
koewat_2_0180_RGB Trans.tiff,12404.3,125.67,ko
koewat_2_0180_RGB Trans.tiff,3015.23,61.96,ko
koewat_2_0180_RGB Trans.tiff,4725.78,77.57,ko
koewat_2_0180_RGB Trans.tiff,1127.34,37.89,ko
koewat_2_0180_RGB Trans.tiff,4391.8,74.78,ko
koewat_2_0180_RGB Trans.tiff,1397.27,42.18,ko
koewat_2_0180_RGB Trans.tiff,834.77,32.6,ko
koewat_2_0180_RGB Trans.tiff,9458.59,109.74,ko
koewat_2_0180_RGB Trans.tiff,2107.42,51.8,ko
koewat_2_0180_RGB Trans.tiff,5048.05,80.17,ko
koewat_2_0180_RGB Trans.tiff,3494.92,66.71,ko
koewat_2_0180_RGB Trans.tiff,2267.97,53.74,ko
koewat_2_0180_RGB Trans.tiff,614.45,27.97,ko
koewat_2_0180_RGB Trans.tiff,3205.47,63.89,ko
koewat_2_0180_RGB Trans.tiff,2497.27,56.39,ko
koewat_2_0180_RGB Trans.tiff,2072.27,51.37,ko
koewat_2_0180_RGB Trans.tiff,14986.72,138.14,ko
koewat_2_0180_RGB Trans.tiff,7328.52,96.6,ko
koewat_2_0180_RGB Trans.tiff,899.61,33.84,ko
koewat_2_0180_RGB Trans.tiff,7780.47,99.53,ko
koewat_2_0180_RGB Trans.tiff,2760.94,59.29,ko
koewat_2_0180_RGB Trans.tiff,789.06,31.7,ko
koewat_2_0180_RGB Trans.tiff,926.17,34.34,ko
koewat_2_0180_RGB Trans.tiff,1505.47,43.78,ko
koewat_2_0180_RGB Trans.tiff,3385.55,65.66,ko
koewat_2_0180_RGB Trans.tiff,10423.44,115.2,ko
koewat_2_0180_RGB Trans.tiff,2303.91,54.16,ko
koewat_2_0180_RGB Trans.tiff,3259.38,64.42,ko
koewat_2_0180_RGB Trans.tiff,728.91,30.46,ko
koewat_2_0180_RGB Trans.tiff,5198.05,81.35,ko
koewat_2_0180_RGB Trans.tiff,9978.12,112.71,ko
koewat_2_0180_RGB Trans.tiff,4434.77,75.14,ko
koewat_2_0180_RGB Trans.tiff,5301.56,82.16,ko
koewat_2_0180_RGB Trans.tiff,2938.67,61.17,ko
koewat_2_0180_RGB Trans.tiff,2463.67,56.01,ko
koewat_2_0180_RGB Trans.tiff,7725.78,99.18,ko
koewat_2_0180_RGB Trans.tiff,6829.3,93.25,ko
koewat_2_0180_RGB Trans.tiff,5861.33,86.39,ko
koewat_2_0180_RGB Trans.tiff,507.81,25.43,ko
koewat_2_0180_RGB Trans.tiff,1248.44,39.87,ko
koewat_2_0180_RGB Trans.tiff,4345.7,74.38,ko
koewat_2_0180_RGB Trans.tiff,1810.16,48.01,ko
koewat_2_0180_RGB Trans.tiff,4555.86,76.16,ko
koewat_2_0180_RGB Trans.tiff,2885.16,60.61,ko
koewat_2_0180_RGB Trans.tiff,940.62,34.61,ko
koewat_2_0180_RGB Trans.tiff,847.27,32.84,ko
koewat_2_0180_RGB Trans.tiff,7398.05,97.05,ko
koewat_2_0180_RGB Trans.tiff,1523.05,44.04,ko
koewat_2_0180_RGB Trans.tiff,5836.72,86.21,ko
koewat_2_0180_RGB Trans.tiff,2309.38,54.23,ko
koewat_2_0180_RGB Trans.tiff,8933.2,106.65,ko
koewat_2_0180_RGB Trans.tiff,1027.73,36.17,ko
koewat_2_0180_RGB Trans.tiff,897.27,33.8,ko
koewat_2_0180_RGB Trans.tiff,3704.3,68.68,ko
koewat_2_0180_RGB Trans.tiff,584.38,27.28,ko
koewat_2_0180_RGB Trans.tiff,1127.73,37.89,ko
koewat_2_0180_RGB Trans.tiff,5873.83,86.48,ko
koewat_2_0180_RGB Trans.tiff,3012.89,61.94,ko
koewat_2_0180_RGB Trans.tiff,2329.69,54.46,ko
koewat_2_0180_RGB Trans.tiff,2462.5,55.99,ko
koewat_2_0180_RGB Trans.tiff,551.17,26.49,ko
koewat_2_0180_RGB Trans.tiff,3142.58,63.26,ko
koewat_2_0180_RGB Trans.tiff,9305.08,108.85,ko
koewat_2_0180_RGB Trans.tiff,18566.41,153.75,ko
koewat_2_0180_RGB Trans.tiff,7165.23,95.51,ko
koewat_2_0180_RGB Trans.tiff,2492.58,56.34,ko
koewat_2_0180_RGB Trans.tiff,799.22,31.9,ko
koewat_2_0180_RGB Trans.tiff,1103.12,37.48,ko
koewat_2_0180_RGB Trans.tiff,3501.56,66.77,ko
koewat_2_0180_RGB Trans.tiff,7224.22,95.91,ko
koewat_2_0180_RGB Trans.tiff,7333.98,96.63,ko
koewat_2_0180_RGB Trans.tiff,956.64,34.9,ko
koewat_2_0180_RGB Trans.tiff,5954.69,87.07,ko
koewat_2_0180_RGB Trans.tiff,1132.42,37.97,ko
koewat_2_0180_RGB Trans.tiff,565.62,26.84,ko
koewat_2_0180_RGB Trans.tiff,4547.66,76.09,ko
koewat_2_0180_RGB Trans.tiff,923.83,34.3,ko
koewat_2_0180_RGB Trans.tiff,1590.62,45,ko
koewat_2_0180_RGB Trans.tiff,2459.38,55.96,ko
koewat_2_0180_RGB Trans.tiff,1458.59,43.09,ko
koewat_2_0180_RGB Trans.tiff,3710.55,68.73,ko
koewat_2_0180_RGB Trans.tiff,5559.77,84.14,ko
koewat_2_0180_RGB Trans.tiff,1076.56,37.02,ko
koewat_2_0180_RGB Trans.tiff,3575.78,67.47,ko
koewat_2_0180_RGB Trans.tiff,5169.14,81.13,ko
koewat_2_0180_RGB Trans.tiff,654.3,28.86,ko
koewat_2_0180_RGB Trans.tiff,5088.28,80.49,ko
koewat_2_0180_RGB Trans.tiff,6230.47,89.07,ko
koewat_2_0180_RGB Trans.tiff,1828.52,48.25,ko
koewat_2_0180_RGB Trans.tiff,1652.34,45.87,ko
koewat_2_0180_RGB Trans.tiff,1347.66,41.42,ko
koewat_2_0180_RGB Trans.tiff,3746.48,69.07,ko
koewat_2_0180_RGB Trans.tiff,9508.98,110.03,ko
koewat_2_0180_RGB Trans.tiff,2989.84,61.7,ko
koewat_2_0180_RGB Trans.tiff,4271.09,73.74,ko
koewat_2_0180_RGB Trans.tiff,1328.12,41.12,ko
koewat_2_0180_RGB Trans.tiff,716.8,30.21,ko
koewat_2_0180_RGB Trans.tiff,1172.27,38.63,ko
koewat_2_0180_RGB Trans.tiff,3907.81,70.54,ko
koewat_2_0180_RGB Trans.tiff,1405.47,42.3,ko
koewat_2_0180_RGB Trans.tiff,708.98,30.05,ko
koewat_2_0180_RGB Trans.tiff,4214.45,73.25,ko
koewat_2_0180_RGB Trans.tiff,552.73,26.53,ko
koewat_2_0180_RGB Trans.tiff,4280.08,73.82,ko
koewat_2_0180_RGB Trans.tiff,7148.83,95.41,ko
koewat_2_0180_RGB Trans.tiff,6323.44,89.73,ko
koewat_2_0180_RGB Trans.tiff,821.48,32.34,ko
koewat_2_0180_RGB Trans.tiff,852.73,32.95,ko
koewat_2_0180_RGB Trans.tiff,1782.42,47.64,ko
koewat_2_0180_RGB Trans.tiff,1085.16,37.17,ko
koewat_2_0180_RGB Trans.tiff,2487.89,56.28,ko
koewat_2_0180_RGB Trans.tiff,687.11,29.58,ko
koewat_2_0180_RGB Trans.tiff,2427.73,55.6,ko
koewat_2_0180_RGB Trans.tiff,2745.7,59.13,ko
koewat_2_0180_RGB Trans.tiff,3705.86,68.69,ko
koewat_2_0180_RGB Trans.tiff,501.56,25.27,ko
koewat_2_0180_RGB Trans.tiff,5125.78,80.79,ko
koewat_2_0180_RGB Trans.tiff,2360.94,54.83,ko
koewat_2_0180_RGB Trans.tiff,1319.92,40.99,ko
koewat_2_0180_RGB Trans.tiff,2531.25,56.77,ko
koewat_2_0180_RGB Trans.tiff,2122.66,51.99,ko
koewat_2_0180_RGB Trans.tiff,564.45,26.81,ko
koewat_2_0180_RGB Trans.tiff,1319.53,40.99,ko
koewat_2_0180_RGB Trans.tiff,650.39,28.78,ko
koewat_2_0180_RGB Trans.tiff,1147.66,38.23,ko
koewat_2_0180_RGB Trans.tiff,7647.27,98.68,ko
koewat_2_0180_RGB Trans.tiff,6174.61,88.67,ko
koewat_2_0180_RGB Trans.tiff,5483.2,83.55,ko
koewat_2_0180_RGB Trans.tiff,3607.81,67.78,ko
koewat_2_0180_RGB Trans.tiff,7416.8,97.18,ko
koewat_2_0180_RGB Trans.tiff,3733.98,68.95,ko
koewat_2_0180_RGB Trans.tiff,3205.47,63.89,ko
koewat_2_0180_RGB Trans.tiff,2513.67,56.57,ko
koewat_2_0180_RGB Trans.tiff,4619.53,76.69,ko
koewat_2_0180_RGB Trans.tiff,7144.92,95.38,ko
koewat_2_0180_RGB Trans.tiff,2414.84,55.45,ko
koewat_2_0180_RGB Trans.tiff,3325.78,65.07,ko
koewat_2_0180_RGB Trans.tiff,1771.88,47.5,ko
koewat_2_0180_RGB Trans.tiff,3532.03,67.06,ko
koewat_2_0180_RGB Trans.tiff,5483.98,83.56,ko
koewat_2_0180_RGB Trans.tiff,4042.97,71.75,ko
koewat_2_0180_RGB Trans.tiff,3260.94,64.44,ko
koewat_2_0180_RGB Trans.tiff,3301.56,64.84,ko
koewat_2_0180_RGB Trans.tiff,2551.95,57,ko
koewat_2_0180_RGB Trans.tiff,2849.22,60.23,ko
koewat_2_0180_RGB Trans.tiff,1518.75,43.97,ko
koewat_2_0180_RGB Trans.tiff,2130.47,52.08,ko
koewat_2_0180_RGB Trans.tiff,4804.69,78.21,ko
koewat_2_0181_RGB Trans.tiff,19156.25,156.17,ko
koewat_2_0181_RGB Trans.tiff,2531.64,56.77,ko
koewat_2_0181_RGB Trans.tiff,2360.94,54.83,ko
koewat_2_0181_RGB Trans.tiff,3998.44,71.35,ko
koewat_2_0181_RGB Trans.tiff,933.59,34.48,ko
koewat_2_0181_RGB Trans.tiff,680.08,29.43,ko
koewat_2_0181_RGB Trans.tiff,9844.53,111.96,ko
koewat_2_0181_RGB Trans.tiff,2941.41,61.2,ko
koewat_2_0181_RGB Trans.tiff,11732.81,122.22,ko
koewat_2_0181_RGB Trans.tiff,3798.83,69.55,ko
koewat_2_0181_RGB Trans.tiff,5904.69,86.71,ko
koewat_2_0181_RGB Trans.tiff,1392.58,42.11,ko
koewat_2_0181_RGB Trans.tiff,1313.28,40.89,ko
koewat_2_0181_RGB Trans.tiff,5117.58,80.72,ko
koewat_2_0181_RGB Trans.tiff,1353.52,41.51,ko
koewat_2_0181_RGB Trans.tiff,4244.14,73.51,ko
koewat_2_0181_RGB Trans.tiff,1044.92,36.48,ko
koewat_2_0181_RGB Trans.tiff,7856.64,100.02,ko
koewat_2_0181_RGB Trans.tiff,1815.62,48.08,ko
koewat_2_0181_RGB Trans.tiff,991.8,35.54,ko
koewat_2_0181_RGB Trans.tiff,2848.83,60.23,ko
koewat_2_0181_RGB Trans.tiff,1218.36,39.39,ko
koewat_2_0181_RGB Trans.tiff,8257.03,102.53,ko
koewat_2_0181_RGB Trans.tiff,5467.97,83.44,ko
koewat_2_0181_RGB Trans.tiff,3819.53,69.74,ko
koewat_2_0181_RGB Trans.tiff,2590.62,57.43,ko
koewat_2_0181_RGB Trans.tiff,12541.8,126.37,ko
koewat_2_0181_RGB Trans.tiff,6112.89,88.22,ko
koewat_2_0181_RGB Trans.tiff,603.12,27.71,ko
koewat_2_0181_RGB Trans.tiff,3971.88,71.11,ko
koewat_2_0181_RGB Trans.tiff,3089.84,62.72,ko
koewat_2_0181_RGB Trans.tiff,3112.89,62.96,ko
koewat_2_0181_RGB Trans.tiff,2071.48,51.36,ko
koewat_2_0181_RGB Trans.tiff,760.94,31.13,ko
koewat_2_0181_RGB Trans.tiff,5895.31,86.64,ko
koewat_2_0181_RGB Trans.tiff,1955.47,49.9,ko
koewat_2_0181_RGB Trans.tiff,1344.92,41.38,ko
koewat_2_0181_RGB Trans.tiff,650.39,28.78,ko
koewat_2_0181_RGB Trans.tiff,6159.77,88.56,ko
koewat_2_0181_RGB Trans.tiff,1578.12,44.83,ko
koewat_2_0181_RGB Trans.tiff,7459.77,97.46,ko
koewat_2_0181_RGB Trans.tiff,643.75,28.63,ko
koewat_2_0181_RGB Trans.tiff,2518.36,56.63,ko
koewat_2_0181_RGB Trans.tiff,1705.47,46.6,ko
koewat_2_0181_RGB Trans.tiff,7999.61,100.92,ko
koewat_2_0181_RGB Trans.tiff,5945.7,87.01,ko
koewat_2_0181_RGB Trans.tiff,952.73,34.83,ko
koewat_2_0181_RGB Trans.tiff,831.64,32.54,ko
koewat_2_0181_RGB Trans.tiff,617.58,28.04,ko
koewat_2_0181_RGB Trans.tiff,8740.23,105.49,ko
koewat_2_0181_RGB Trans.tiff,8423.05,103.56,ko
koewat_2_0181_RGB Trans.tiff,2050.78,51.1,ko
koewat_2_0181_RGB Trans.tiff,978.52,35.3,ko
koewat_2_0181_RGB Trans.tiff,2207.42,53.01,ko
koewat_2_0181_RGB Trans.tiff,619.14,28.08,ko
koewat_2_0181_RGB Trans.tiff,4318.75,74.15,ko
koewat_2_0181_RGB Trans.tiff,13400.39,130.62,ko
koewat_2_0181_RGB Trans.tiff,617.97,28.05,ko
koewat_2_0181_RGB Trans.tiff,2105.47,51.78,ko
koewat_2_0181_RGB Trans.tiff,5337.89,82.44,ko
koewat_2_0181_RGB Trans.tiff,980.47,35.33,ko
koewat_2_0181_RGB Trans.tiff,1058.59,36.71,ko
koewat_2_0181_RGB Trans.tiff,1788.28,47.72,ko
koewat_2_0181_RGB Trans.tiff,1370.31,41.77,ko
koewat_2_0181_RGB Trans.tiff,8116.02,101.65,ko
koewat_2_0181_RGB Trans.tiff,2541.02,56.88,ko
koewat_2_0181_RGB Trans.tiff,1607.42,45.24,ko
koewat_2_0181_RGB Trans.tiff,1393.36,42.12,ko
koewat_2_0181_RGB Trans.tiff,9456.64,109.73,ko
koewat_2_0181_RGB Trans.tiff,11207.42,119.46,ko
koewat_2_0181_RGB Trans.tiff,4137.5,72.58,ko
koewat_2_0181_RGB Trans.tiff,912.5,34.09,ko
koewat_2_0181_RGB Trans.tiff,12375.78,125.53,ko
koewat_2_0181_RGB Trans.tiff,3537.5,67.11,ko
koewat_2_0181_RGB Trans.tiff,8687.5,105.17,ko
koewat_2_0181_RGB Trans.tiff,2227.34,53.25,ko
koewat_2_0181_RGB Trans.tiff,2901.95,60.79,ko
koewat_2_0181_RGB Trans.tiff,1812.89,48.04,ko
koewat_2_0181_RGB Trans.tiff,9608.2,110.61,ko
koewat_2_0181_RGB Trans.tiff,3456.25,66.34,ko
koewat_2_0181_RGB Trans.tiff,4276.17,73.79,ko
koewat_2_0181_RGB Trans.tiff,600.78,27.66,ko
koewat_2_0181_RGB Trans.tiff,2330.86,54.48,ko
koewat_2_0181_RGB Trans.tiff,4133.59,72.55,ko
koewat_2_0181_RGB Trans.tiff,2801.95,59.73,ko
koewat_2_0181_RGB Trans.tiff,2176.17,52.64,ko
koewat_2_0181_RGB Trans.tiff,1494.53,43.62,ko
koewat_2_0181_RGB Trans.tiff,7854.3,100,ko
koewat_2_0181_RGB Trans.tiff,2431.64,55.64,ko
koewat_2_0181_RGB Trans.tiff,1484.77,43.48,ko
koewat_2_0181_RGB Trans.tiff,17407.03,148.87,ko
koewat_2_0181_RGB Trans.tiff,3106.25,62.89,ko
koewat_2_0181_RGB Trans.tiff,13182.03,129.55,ko
koewat_2_0181_RGB Trans.tiff,2191.8,52.83,ko
koewat_2_0181_RGB Trans.tiff,1816.02,48.09,ko
koewat_2_0181_RGB Trans.tiff,6852.34,93.41,ko
koewat_2_0181_RGB Trans.tiff,9727.34,111.29,ko
koewat_2_0181_RGB Trans.tiff,1315.62,40.93,ko
koewat_2_0181_RGB Trans.tiff,3896.09,70.43,ko
koewat_2_0181_RGB Trans.tiff,4721.88,77.54,ko
koewat_2_0181_RGB Trans.tiff,15666.02,141.23,ko
koewat_2_0181_RGB Trans.tiff,3802.34,69.58,ko
koewat_2_0181_RGB Trans.tiff,2957.81,61.37,ko
koewat_2_0181_RGB Trans.tiff,1398.05,42.19,ko
koewat_2_0181_RGB Trans.tiff,5532.42,83.93,ko
koewat_2_0181_RGB Trans.tiff,3076.56,62.59,ko
koewat_2_0181_RGB Trans.tiff,1482.42,43.45,ko
koewat_2_0181_RGB Trans.tiff,7629.3,98.56,ko
koewat_2_0181_RGB Trans.tiff,1017.97,36,ko
koewat_2_0181_RGB Trans.tiff,3202.34,63.85,ko
koewat_2_0181_RGB Trans.tiff,7889.06,100.22,ko
koewat_2_0181_RGB Trans.tiff,1880.08,48.93,ko
koewat_2_0181_RGB Trans.tiff,989.84,35.5,ko
koewat_2_0181_RGB Trans.tiff,1019.53,36.03,ko
koewat_2_0181_RGB Trans.tiff,1021.88,36.07,ko
koewat_2_0181_RGB Trans.tiff,8007.03,100.97,ko
koewat_2_0181_RGB Trans.tiff,2428.91,55.61,ko
koewat_2_0181_RGB Trans.tiff,1333.59,41.21,ko
koewat_2_0181_RGB Trans.tiff,4796.48,78.15,ko
koewat_2_0181_RGB Trans.tiff,3459.38,66.37,ko
koewat_2_0181_RGB Trans.tiff,3709.38,68.72,ko
koewat_2_0181_RGB Trans.tiff,2113.28,51.87,ko
koewat_2_0181_RGB Trans.tiff,4460.16,75.36,ko
koewat_2_0181_RGB Trans.tiff,747.27,30.85,ko
koewat_2_0181_RGB Trans.tiff,6043.36,87.72,ko
koewat_2_0181_RGB Trans.tiff,16858.98,146.51,ko
koewat_2_0181_RGB Trans.tiff,2916.02,60.93,ko
koewat_2_0181_RGB Trans.tiff,1303.52,40.74,ko
koewat_2_0181_RGB Trans.tiff,3751.56,69.11,ko
koewat_2_0181_RGB Trans.tiff,3710.55,68.73,ko
koewat_2_0181_RGB Trans.tiff,9102.73,107.66,ko
koewat_2_0181_RGB Trans.tiff,6937.89,93.99,ko
koewat_2_0181_RGB Trans.tiff,1277.73,40.33,ko
koewat_2_0181_RGB Trans.tiff,585.55,27.3,ko
koewat_2_0181_RGB Trans.tiff,2303.91,54.16,ko
koewat_2_0181_RGB Trans.tiff,998.83,35.66,ko
koewat_2_0181_RGB Trans.tiff,580.08,27.18,ko
koewat_2_0181_RGB Trans.tiff,1539.45,44.27,ko
koewat_2_0181_RGB Trans.tiff,2534.77,56.81,ko
koewat_2_0181_RGB Trans.tiff,6506.25,91.02,ko
koewat_2_0181_RGB Trans.tiff,15201.17,139.12,ko
koewat_2_0181_RGB Trans.tiff,12753.52,127.43,ko
koewat_2_0181_RGB Trans.tiff,8558.2,104.39,ko
koewat_2_0181_RGB Trans.tiff,9152.34,107.95,ko
koewat_2_0181_RGB Trans.tiff,8358.98,103.16,ko
koewat_2_0181_RGB Trans.tiff,2162.11,52.47,ko
koewat_2_0181_RGB Trans.tiff,4872.27,78.76,ko
koewat_2_0181_RGB Trans.tiff,6108.98,88.19,ko
koewat_2_0181_RGB Trans.tiff,4447.27,75.25,ko
koewat_2_0181_RGB Trans.tiff,2042.97,51,ko
koewat_2_0181_RGB Trans.tiff,3131.25,63.14,ko
koewat_2_0181_RGB Trans.tiff,3885.94,70.34,ko
koewat_2_0181_RGB Trans.tiff,4672.27,77.13,ko
koewat_2_0181_RGB Trans.tiff,3580.08,67.52,ko
koewat_2_0181_RGB Trans.tiff,1402.73,42.26,ko
koewat_2_0181_RGB Trans.tiff,3144.14,63.27,ko
koewat_2_0181_RGB Trans.tiff,8925,106.6,ko
koewat_2_0181_RGB Trans.tiff,4532.81,75.97,ko
koewat_2_0181_RGB Trans.tiff,2068.36,51.32,ko
koewat_2_0181_RGB Trans.tiff,4691.02,77.28,ko
koewat_2_0181_RGB Trans.tiff,1358.2,41.59,ko
koewat_2_0181_RGB Trans.tiff,3244.92,64.28,ko
koewat_2_0181_RGB Trans.tiff,241.41,17.53,ko
koewat_2_0181_RGB Trans.tiff,5544.14,84.02,ko
koewat_2_0181_RGB Trans.tiff,7821.88,99.8,ko
koewat_2_0181_RGB Trans.tiff,3212.11,63.95,ko
koewat_2_0181_RGB Trans.tiff,1740.23,47.07,ko
koewat_2_0181_RGB Trans.tiff,648.44,28.73,ko
koewat_2_0181_RGB Trans.tiff,7133.2,95.3,ko
koewat_2_0181_RGB Trans.tiff,2121.09,51.97,ko
koewat_2_0181_RGB Trans.tiff,3100.78,62.83,ko
koewat_2_0181_RGB Trans.tiff,3133.59,63.16,ko
koewat_2_0181_RGB Trans.tiff,5957.81,87.1,ko
koewat_2_0181_RGB Trans.tiff,4569.14,76.27,ko
koewat_2_0181_RGB Trans.tiff,4738.28,77.67,ko
koewat_2_0181_RGB Trans.tiff,3059.77,62.42,ko
koewat_2_0181_RGB Trans.tiff,6084.38,88.02,ko
koewat_2_0181_RGB Trans.tiff,2578.12,57.29,ko
koewat_2_0181_RGB Trans.tiff,8573.44,104.48,ko
koewat_2_0181_RGB Trans.tiff,2273.44,53.8,ko
wtewat_1_0183_RGB Trans.tiff,3393.75,65.73,wt
wtewat_1_0183_RGB Trans.tiff,12682.03,127.07,wt
wtewat_1_0183_RGB Trans.tiff,2992.58,61.73,wt
wtewat_1_0183_RGB Trans.tiff,5638.67,84.73,wt
wtewat_1_0183_RGB Trans.tiff,499.22,25.21,wt
wtewat_1_0183_RGB Trans.tiff,4799.61,78.17,wt
wtewat_1_0183_RGB Trans.tiff,3396.48,65.76,wt
wtewat_1_0183_RGB Trans.tiff,2421.48,55.53,wt
wtewat_1_0183_RGB Trans.tiff,576.95,27.1,wt
wtewat_1_0183_RGB Trans.tiff,11163.28,119.22,wt
wtewat_1_0183_RGB Trans.tiff,666.02,29.12,wt
wtewat_1_0183_RGB Trans.tiff,13177.34,129.53,wt
wtewat_1_0183_RGB Trans.tiff,766.41,31.24,wt
wtewat_1_0183_RGB Trans.tiff,4680.08,77.19,wt
wtewat_1_0183_RGB Trans.tiff,6011.72,87.49,wt
wtewat_1_0183_RGB Trans.tiff,5144.53,80.93,wt
wtewat_1_0183_RGB Trans.tiff,4971.88,79.56,wt
wtewat_1_0183_RGB Trans.tiff,6129.3,88.34,wt
wtewat_1_0183_RGB Trans.tiff,11721.48,122.16,wt
wtewat_1_0183_RGB Trans.tiff,1080.08,37.08,wt
wtewat_1_0183_RGB Trans.tiff,7029.3,94.6,wt
wtewat_1_0183_RGB Trans.tiff,1111.33,37.62,wt
wtewat_1_0183_RGB Trans.tiff,7775.78,99.5,wt
wtewat_1_0183_RGB Trans.tiff,521.88,25.78,wt
wtewat_1_0183_RGB Trans.tiff,4467.19,75.42,wt
wtewat_1_0183_RGB Trans.tiff,4437.89,75.17,wt
wtewat_1_0183_RGB Trans.tiff,8410.55,103.48,wt
wtewat_1_0183_RGB Trans.tiff,5490.62,83.61,wt
wtewat_1_0183_RGB Trans.tiff,8880.86,106.34,wt
wtewat_1_0183_RGB Trans.tiff,4964.06,79.5,wt
wtewat_1_0183_RGB Trans.tiff,1739.45,47.06,wt
wtewat_1_0183_RGB Trans.tiff,3330.86,65.12,wt
wtewat_1_0183_RGB Trans.tiff,3187.11,63.7,wt
wtewat_1_0183_RGB Trans.tiff,1865.23,48.73,wt
wtewat_1_0183_RGB Trans.tiff,3603.91,67.74,wt
wtewat_1_0183_RGB Trans.tiff,1449.61,42.96,wt
wtewat_1_0183_RGB Trans.tiff,3756.64,69.16,wt
wtewat_1_0183_RGB Trans.tiff,9801.95,111.71,wt
wtewat_1_0183_RGB Trans.tiff,7451.17,97.4,wt
wtewat_1_0183_RGB Trans.tiff,2056.64,51.17,wt
wtewat_1_0183_RGB Trans.tiff,11124.61,119.01,wt
wtewat_1_0183_RGB Trans.tiff,6301.56,89.57,wt
wtewat_1_0183_RGB Trans.tiff,12734.38,127.33,wt
wtewat_1_0183_RGB Trans.tiff,1044.53,36.47,wt
wtewat_1_0183_RGB Trans.tiff,3317.97,65,wt
wtewat_1_0183_RGB Trans.tiff,2742.19,59.09,wt
wtewat_1_0183_RGB Trans.tiff,908.59,34.01,wt
wtewat_1_0183_RGB Trans.tiff,6283.98,89.45,wt
wtewat_1_0183_RGB Trans.tiff,6337.89,89.83,wt
wtewat_1_0183_RGB Trans.tiff,2494.53,56.36,wt
wtewat_1_0183_RGB Trans.tiff,1882.42,48.96,wt
wtewat_1_0183_RGB Trans.tiff,4516.8,75.84,wt
wtewat_1_0183_RGB Trans.tiff,544.53,26.33,wt
wtewat_1_0183_RGB Trans.tiff,3922.27,70.67,wt
wtewat_1_0183_RGB Trans.tiff,2068.36,51.32,wt
wtewat_1_0183_RGB Trans.tiff,2290.23,54,wt
wtewat_1_0183_RGB Trans.tiff,2698.44,58.62,wt
wtewat_1_0183_RGB Trans.tiff,6222.66,89.01,wt
wtewat_1_0183_RGB Trans.tiff,972.27,35.18,wt
wtewat_1_0183_RGB Trans.tiff,4725.39,77.57,wt
wtewat_1_0183_RGB Trans.tiff,4142.58,72.63,wt
wtewat_1_0183_RGB Trans.tiff,580.08,27.18,wt
wtewat_1_0183_RGB Trans.tiff,5508.59,83.75,wt
wtewat_1_0183_RGB Trans.tiff,769.92,31.31,wt
wtewat_1_0183_RGB Trans.tiff,1632.03,45.58,wt
wtewat_1_0183_RGB Trans.tiff,2171.09,52.58,wt
wtewat_1_0183_RGB Trans.tiff,6134.77,88.38,wt
wtewat_1_0183_RGB Trans.tiff,5924.22,86.85,wt
wtewat_1_0183_RGB Trans.tiff,3147.66,63.31,wt
wtewat_1_0183_RGB Trans.tiff,4903.12,79.01,wt
wtewat_1_0183_RGB Trans.tiff,4660.16,77.03,wt
wtewat_1_0183_RGB Trans.tiff,2359.38,54.81,wt
wtewat_1_0183_RGB Trans.tiff,2193.36,52.85,wt
wtewat_1_0183_RGB Trans.tiff,1541.8,44.31,wt
wtewat_1_0183_RGB Trans.tiff,5454.69,83.34,wt
wtewat_1_0183_RGB Trans.tiff,515.23,25.61,wt
wtewat_1_0183_RGB Trans.tiff,777.34,31.46,wt
wtewat_1_0183_RGB Trans.tiff,494.14,25.08,wt
wtewat_1_0183_RGB Trans.tiff,1953.91,49.88,wt
wtewat_1_0183_RGB Trans.tiff,1245.7,39.83,wt
wtewat_1_0183_RGB Trans.tiff,555.08,26.58,wt
wtewat_1_0183_RGB Trans.tiff,628.91,28.3,wt
wtewat_1_0183_RGB Trans.tiff,625.78,28.23,wt
wtewat_1_0183_RGB Trans.tiff,2370.7,54.94,wt
wtewat_1_0183_RGB Trans.tiff,7876.17,100.14,wt
wtewat_1_0183_RGB Trans.tiff,1152.73,38.31,wt
wtewat_1_0183_RGB Trans.tiff,12041.02,123.82,wt
wtewat_1_0183_RGB Trans.tiff,3260.16,64.43,wt
wtewat_1_0183_RGB Trans.tiff,7087.5,95,wt
wtewat_1_0183_RGB Trans.tiff,7229.69,95.94,wt
wtewat_1_0183_RGB Trans.tiff,4039.84,71.72,wt
wtewat_1_0183_RGB Trans.tiff,994.53,35.58,wt
wtewat_1_0183_RGB Trans.tiff,18194.53,152.2,wt
wtewat_1_0183_RGB Trans.tiff,5871.48,86.46,wt
wtewat_1_0183_RGB Trans.tiff,2046.88,51.05,wt
wtewat_1_0183_RGB Trans.tiff,1273.05,40.26,wt
wtewat_1_0183_RGB Trans.tiff,666.02,29.12,wt
wtewat_1_0183_RGB Trans.tiff,2438.67,55.72,wt
wtewat_1_0183_RGB Trans.tiff,1034.77,36.3,wt
wtewat_1_0183_RGB Trans.tiff,1285.55,40.46,wt
wtewat_1_0183_RGB Trans.tiff,1098.44,37.4,wt
wtewat_1_0183_RGB Trans.tiff,1568.36,44.69,wt
wtewat_1_0183_RGB Trans.tiff,3493.75,66.7,wt
wtewat_1_0183_RGB Trans.tiff,4048.05,71.79,wt
wtewat_1_0183_RGB Trans.tiff,1434.77,42.74,wt
wtewat_1_0183_RGB Trans.tiff,4233.59,73.42,wt
wtewat_1_0183_RGB Trans.tiff,11449.22,120.74,wt
wtewat_1_0183_RGB Trans.tiff,7509.38,97.78,wt
wtewat_1_0183_RGB Trans.tiff,5306.25,82.2,wt
wtewat_1_0183_RGB Trans.tiff,9105.47,107.67,wt
wtewat_1_0183_RGB Trans.tiff,10422.66,115.2,wt
wtewat_1_0183_RGB Trans.tiff,4519.92,75.86,wt
wtewat_1_0183_RGB Trans.tiff,3664.45,68.31,wt
wtewat_1_0183_RGB Trans.tiff,4811.72,78.27,wt
wtewat_1_0183_RGB Trans.tiff,10237.5,114.17,wt
wtewat_1_0183_RGB Trans.tiff,5333.2,82.4,wt
wtewat_1_0183_RGB Trans.tiff,5257.03,81.81,wt
wtewat_1_0183_RGB Trans.tiff,5977.34,87.24,wt
wtewat_1_0183_RGB Trans.tiff,7183.59,95.64,wt
wtewat_1_0183_RGB Trans.tiff,10731.64,116.89,wt
wtewat_1_0183_RGB Trans.tiff,10415.62,115.16,wt
wtewat_1_0183_RGB Trans.tiff,4010.94,71.46,wt
wtewat_1_0183_RGB Trans.tiff,5132.42,80.84,wt
wtewat_1_0183_RGB Trans.tiff,4435.55,75.15,wt
wtewat_1_0183_RGB Trans.tiff,8059.38,101.3,wt
wtewat_1_0183_RGB Trans.tiff,3102.34,62.85,wt
wtewat_1_0183_RGB Trans.tiff,4052.34,71.83,wt
wtewat_1_0183_RGB Trans.tiff,7944.14,100.57,wt
wtewat_1_0183_RGB Trans.tiff,1661.72,46,wt
wtewat_1_0183_RGB Trans.tiff,1148.44,38.24,wt
wtewat_1_0183_RGB Trans.tiff,1379.69,41.91,wt
wtewat_1_0183_RGB Trans.tiff,275.39,18.73,wt
wtewat_1_0183_RGB Trans.tiff,2961.33,61.4,wt
wtewat_1_0183_RGB Trans.tiff,665.62,29.11,wt
wtewat_1_0183_RGB Trans.tiff,6006.64,87.45,wt
wtewat_1_0183_RGB Trans.tiff,6185.16,88.74,wt
wtewat_1_0183_RGB Trans.tiff,1803.91,47.92,wt
wtewat_1_0183_RGB Trans.tiff,7863.28,100.06,wt
wtewat_1_0183_RGB Trans.tiff,7000.78,94.41,wt
wtewat_1_0183_RGB Trans.tiff,2627.34,57.84,wt
wtewat_1_0183_RGB Trans.tiff,1669.92,46.11,wt
wtewat_1_0183_RGB Trans.tiff,560.16,26.71,wt
wtewat_1_0183_RGB Trans.tiff,5589.45,84.36,wt
wtewat_1_0183_RGB Trans.tiff,1217.97,39.38,wt
wtewat_1_0183_RGB Trans.tiff,5523.83,83.86,wt
wtewat_1_0183_RGB Trans.tiff,5258.2,81.82,wt
wtewat_1_0183_RGB Trans.tiff,4256.64,73.62,wt
wtewat_1_0184_RGB Trans.tiff,11996.48,123.59,wt
wtewat_1_0184_RGB Trans.tiff,1040.23,36.39,wt
wtewat_1_0184_RGB Trans.tiff,11334.77,120.13,wt
wtewat_1_0184_RGB Trans.tiff,8851.95,106.16,wt
wtewat_1_0184_RGB Trans.tiff,693.36,29.71,wt
wtewat_1_0184_RGB Trans.tiff,2650,58.09,wt
wtewat_1_0184_RGB Trans.tiff,12026.95,123.75,wt
wtewat_1_0184_RGB Trans.tiff,6486.33,90.88,wt
wtewat_1_0184_RGB Trans.tiff,532.42,26.04,wt
wtewat_1_0184_RGB Trans.tiff,1051.95,36.6,wt
wtewat_1_0184_RGB Trans.tiff,2679.3,58.41,wt
wtewat_1_0184_RGB Trans.tiff,6612.11,91.75,wt
wtewat_1_0184_RGB Trans.tiff,5657.81,84.87,wt
wtewat_1_0184_RGB Trans.tiff,3213.67,63.97,wt
wtewat_1_0184_RGB Trans.tiff,2116.8,51.92,wt
wtewat_1_0184_RGB Trans.tiff,1755.86,47.28,wt
wtewat_1_0184_RGB Trans.tiff,16560.16,145.21,wt
wtewat_1_0184_RGB Trans.tiff,6378.12,90.12,wt
wtewat_1_0184_RGB Trans.tiff,2407.42,55.36,wt
wtewat_1_0184_RGB Trans.tiff,2887.5,60.63,wt
wtewat_1_0184_RGB Trans.tiff,1124.61,37.84,wt
wtewat_1_0184_RGB Trans.tiff,2617.58,57.73,wt
wtewat_1_0184_RGB Trans.tiff,4668.36,77.1,wt
wtewat_1_0184_RGB Trans.tiff,754.69,31,wt
wtewat_1_0184_RGB Trans.tiff,5056.64,80.24,wt
wtewat_1_0184_RGB Trans.tiff,7013.28,94.5,wt
wtewat_1_0184_RGB Trans.tiff,4635.94,76.83,wt
wtewat_1_0184_RGB Trans.tiff,598.44,27.6,wt
wtewat_1_0184_RGB Trans.tiff,1845.7,48.48,wt
wtewat_1_0184_RGB Trans.tiff,7078.52,94.93,wt
wtewat_1_0184_RGB Trans.tiff,5741.41,85.5,wt
wtewat_1_0184_RGB Trans.tiff,664.84,29.09,wt
wtewat_1_0184_RGB Trans.tiff,1562.11,44.6,wt
wtewat_1_0184_RGB Trans.tiff,3232.81,64.16,wt
wtewat_1_0184_RGB Trans.tiff,6398.05,90.26,wt
wtewat_1_0184_RGB Trans.tiff,4583.59,76.39,wt
wtewat_1_0184_RGB Trans.tiff,3639.06,68.07,wt
wtewat_1_0184_RGB Trans.tiff,10697.66,116.71,wt
wtewat_1_0184_RGB Trans.tiff,3392.58,65.72,wt
wtewat_1_0184_RGB Trans.tiff,5161.33,81.07,wt
wtewat_1_0184_RGB Trans.tiff,4283.2,73.85,wt
wtewat_1_0184_RGB Trans.tiff,2227.73,53.26,wt
wtewat_1_0184_RGB Trans.tiff,1299.22,40.67,wt
wtewat_1_0184_RGB Trans.tiff,5596.48,84.41,wt
wtewat_1_0184_RGB Trans.tiff,1789.84,47.74,wt
wtewat_1_0184_RGB Trans.tiff,15208.59,139.16,wt
wtewat_1_0184_RGB Trans.tiff,11255.08,119.71,wt
wtewat_1_0184_RGB Trans.tiff,1923.44,49.49,wt
wtewat_1_0184_RGB Trans.tiff,3830.47,69.84,wt
wtewat_1_0184_RGB Trans.tiff,810.94,32.13,wt
wtewat_1_0184_RGB Trans.tiff,11915.62,123.17,wt
wtewat_1_0184_RGB Trans.tiff,4701.17,77.37,wt
wtewat_1_0184_RGB Trans.tiff,6551.17,91.33,wt
wtewat_1_0184_RGB Trans.tiff,4883.2,78.85,wt
wtewat_1_0184_RGB Trans.tiff,11991.41,123.56,wt
wtewat_1_0184_RGB Trans.tiff,658.59,28.96,wt
wtewat_1_0184_RGB Trans.tiff,3006.64,61.87,wt
wtewat_1_0184_RGB Trans.tiff,550.39,26.47,wt
wtewat_1_0184_RGB Trans.tiff,8442.97,103.68,wt
wtewat_1_0184_RGB Trans.tiff,2129.3,52.07,wt
wtewat_1_0184_RGB Trans.tiff,4848.83,78.57,wt
wtewat_1_0184_RGB Trans.tiff,743.75,30.77,wt
wtewat_1_0184_RGB Trans.tiff,2784.38,59.54,wt
wtewat_1_0184_RGB Trans.tiff,2295.31,54.06,wt
wtewat_1_0184_RGB Trans.tiff,9475,109.84,wt
wtewat_1_0184_RGB Trans.tiff,7136.33,95.32,wt
wtewat_1_0184_RGB Trans.tiff,2469.14,56.07,wt
wtewat_1_0184_RGB Trans.tiff,16059.77,143,wt
wtewat_1_0184_RGB Trans.tiff,14172.66,134.33,wt
wtewat_1_0184_RGB Trans.tiff,12835.55,127.84,wt
wtewat_1_0184_RGB Trans.tiff,1333.59,41.21,wt
wtewat_1_0184_RGB Trans.tiff,9476.17,109.84,wt
wtewat_1_0184_RGB Trans.tiff,539.84,26.22,wt
wtewat_1_0184_RGB Trans.tiff,3235.55,64.18,wt
wtewat_1_0184_RGB Trans.tiff,3677.34,68.43,wt
wtewat_1_0184_RGB Trans.tiff,2380.47,55.05,wt
wtewat_1_0184_RGB Trans.tiff,8558.59,104.39,wt
wtewat_1_0184_RGB Trans.tiff,547.66,26.41,wt
wtewat_1_0184_RGB Trans.tiff,670.7,29.22,wt
wtewat_1_0184_RGB Trans.tiff,3043.36,62.25,wt
wtewat_1_0184_RGB Trans.tiff,5504.3,83.72,wt
wtewat_1_0184_RGB Trans.tiff,2147.27,52.29,wt
wtewat_1_0184_RGB Trans.tiff,2826.95,59.99,wt
wtewat_1_0184_RGB Trans.tiff,1901.17,49.2,wt
wtewat_1_0184_RGB Trans.tiff,15097.66,138.65,wt
wtewat_1_0184_RGB Trans.tiff,2838.67,60.12,wt
wtewat_1_0184_RGB Trans.tiff,17914.45,151.03,wt
wtewat_1_0184_RGB Trans.tiff,4415.62,74.98,wt
wtewat_1_0184_RGB Trans.tiff,2137.89,52.17,wt
wtewat_1_0184_RGB Trans.tiff,8204.69,102.21,wt
wtewat_1_0184_RGB Trans.tiff,4435.16,75.15,wt
wtewat_1_0184_RGB Trans.tiff,2464.84,56.02,wt
wtewat_1_0184_RGB Trans.tiff,2931.64,61.1,wt
wtewat_1_0184_RGB Trans.tiff,4785.94,78.06,wt
wtewat_1_0184_RGB Trans.tiff,7363.67,96.83,wt
wtewat_1_0184_RGB Trans.tiff,4272.66,73.76,wt
wtewat_1_0184_RGB Trans.tiff,866.41,33.21,wt
wtewat_1_0184_RGB Trans.tiff,4318.36,74.15,wt
wtewat_1_0184_RGB Trans.tiff,862.89,33.15,wt
wtewat_1_0184_RGB Trans.tiff,8569.92,104.46,wt
wtewat_1_0184_RGB Trans.tiff,9138.67,107.87,wt
wtewat_1_0184_RGB Trans.tiff,4176.56,72.92,wt
wtewat_1_0184_RGB Trans.tiff,7321.48,96.55,wt
wtewat_1_0184_RGB Trans.tiff,3912.89,70.58,wt
wtewat_1_0184_RGB Trans.tiff,2717.97,58.83,wt
wtewat_1_0184_RGB Trans.tiff,1308.2,40.81,wt
wtewat_1_0184_RGB Trans.tiff,3407.03,65.86,wt
wtewat_1_0184_RGB Trans.tiff,3835.94,69.89,wt
wtewat_1_0184_RGB Trans.tiff,1852.34,48.56,wt
wtewat_1_0184_RGB Trans.tiff,878.12,33.44,wt
wtewat_1_0184_RGB Trans.tiff,1397.27,42.18,wt
wtewat_1_0184_RGB Trans.tiff,598.44,27.6,wt
wtewat_1_0184_RGB Trans.tiff,1237.89,39.7,wt
wtewat_1_0184_RGB Trans.tiff,10239.06,114.18,wt
wtewat_1_0184_RGB Trans.tiff,18508.59,153.51,wt
wtewat_1_0184_RGB Trans.tiff,8621.48,104.77,wt
wtewat_1_0184_RGB Trans.tiff,2594.53,57.48,wt
wtewat_1_0184_RGB Trans.tiff,477.73,24.66,wt
wtewat_1_0184_RGB Trans.tiff,5338.67,82.45,wt
wtewat_1_0184_RGB Trans.tiff,2462.11,55.99,wt
wtewat_1_0184_RGB Trans.tiff,3461.33,66.39,wt
wtewat_1_0184_RGB Trans.tiff,5344.92,82.49,wt
wtewat_1_0184_RGB Trans.tiff,2457.42,55.94,wt
wtewat_1_0184_RGB Trans.tiff,1571.48,44.73,wt
wtewat_1_0184_RGB Trans.tiff,4638.28,76.85,wt
wtewat_1_0184_RGB Trans.tiff,6378.52,90.12,wt
wtewat_1_0184_RGB Trans.tiff,3577.73,67.49,wt
wtewat_1_0184_RGB Trans.tiff,376.17,21.89,wt
wtewat_1_0184_RGB Trans.tiff,555.47,26.59,wt
wtewat_1_0184_RGB Trans.tiff,902.34,33.9,wt
wtewat_1_0184_RGB Trans.tiff,3902.34,70.49,wt
wtewat_1_0184_RGB Trans.tiff,3280.08,64.62,wt
wtewat_1_0184_RGB Trans.tiff,873.05,33.34,wt
wtewat_1_0184_RGB Trans.tiff,1214.06,39.32,wt
wtewat_1_0184_RGB Trans.tiff,2047.27,51.06,wt
wtewat_1_0184_RGB Trans.tiff,4151.95,72.71,wt
wtewat_1_0184_RGB Trans.tiff,18807.42,154.75,wt
wtewat_1_0184_RGB Trans.tiff,4180.08,72.95,wt
wtewat_1_0184_RGB Trans.tiff,4476.56,75.5,wt
wtewat_1_0184_RGB Trans.tiff,7170.7,95.55,wt
wtewat_1_0184_RGB Trans.tiff,8758.2,105.6,wt
wtewat_1_0184_RGB Trans.tiff,6014.06,87.51,wt
wtewat_1_0184_RGB Trans.tiff,3705.47,68.69,wt
wtewat_1_0184_RGB Trans.tiff,5097.66,80.56,wt
wtewat_1_0184_RGB Trans.tiff,3874.22,70.23,wt
wtewat_1_0184_RGB Trans.tiff,5690.62,85.12,wt
wtewat_1_0184_RGB Trans.tiff,5763.28,85.66,wt
wtewat_1_0184_RGB Trans.tiff,2045.31,51.03,wt
wtewat_1_0184_RGB Trans.tiff,2436.33,55.7,wt
wtewat_1_0184_RGB Trans.tiff,3815.62,69.7,wt
wtewat_1_0184_RGB Trans.tiff,4158.59,72.77,wt
wtewat_1_0184_RGB Trans.tiff,6372.66,90.08,wt
wtewat_1_0184_RGB Trans.tiff,12667.97,127,wt
wtewat_1_0184_RGB Trans.tiff,1146.09,38.2,wt
wtewat_1_0184_RGB Trans.tiff,619.53,28.09,wt
wtewat_1_0184_RGB Trans.tiff,1250.39,39.9,wt
wtewat_2_0186_RGB Trans.tiff,1416.02,42.46,wt
wtewat_2_0186_RGB Trans.tiff,6143.75,88.44,wt
wtewat_2_0186_RGB Trans.tiff,13316.41,130.21,wt
wtewat_2_0186_RGB Trans.tiff,20285.16,160.71,wt
wtewat_2_0186_RGB Trans.tiff,1570.7,44.72,wt
wtewat_2_0186_RGB Trans.tiff,7474.22,97.55,wt
wtewat_2_0186_RGB Trans.tiff,4429.69,75.1,wt
wtewat_2_0186_RGB Trans.tiff,3087.11,62.69,wt
wtewat_2_0186_RGB Trans.tiff,14464.84,135.71,wt
wtewat_2_0186_RGB Trans.tiff,2769.53,59.38,wt
wtewat_2_0186_RGB Trans.tiff,2193.36,52.85,wt
wtewat_2_0186_RGB Trans.tiff,3918.36,70.63,wt
wtewat_2_0186_RGB Trans.tiff,1141.02,38.12,wt
wtewat_2_0186_RGB Trans.tiff,13858.2,132.83,wt
wtewat_2_0186_RGB Trans.tiff,3555.08,67.28,wt
wtewat_2_0186_RGB Trans.tiff,12176.95,124.52,wt
wtewat_2_0186_RGB Trans.tiff,3344.14,65.25,wt
wtewat_2_0186_RGB Trans.tiff,7222.66,95.9,wt
wtewat_2_0186_RGB Trans.tiff,4569.53,76.28,wt
wtewat_2_0186_RGB Trans.tiff,4755.47,77.81,wt
wtewat_2_0186_RGB Trans.tiff,12803.91,127.68,wt
wtewat_2_0186_RGB Trans.tiff,4653.91,76.98,wt
wtewat_2_0186_RGB Trans.tiff,4788.67,78.08,wt
wtewat_2_0186_RGB Trans.tiff,10133.2,113.59,wt
wtewat_2_0186_RGB Trans.tiff,2901.56,60.78,wt
wtewat_2_0186_RGB Trans.tiff,1791.02,47.75,wt
wtewat_2_0186_RGB Trans.tiff,7041.8,94.69,wt
wtewat_2_0186_RGB Trans.tiff,2989.06,61.69,wt
wtewat_2_0186_RGB Trans.tiff,3623.05,67.92,wt
wtewat_2_0186_RGB Trans.tiff,2277.73,53.85,wt
wtewat_2_0186_RGB Trans.tiff,6216.41,88.97,wt
wtewat_2_0186_RGB Trans.tiff,3994.53,71.32,wt
wtewat_2_0186_RGB Trans.tiff,12188.67,124.58,wt
wtewat_2_0186_RGB Trans.tiff,1804.69,47.94,wt
wtewat_2_0186_RGB Trans.tiff,10869.14,117.64,wt
wtewat_2_0186_RGB Trans.tiff,984.38,35.4,wt
wtewat_2_0186_RGB Trans.tiff,613.67,27.95,wt
wtewat_2_0186_RGB Trans.tiff,7435.16,97.3,wt
wtewat_2_0186_RGB Trans.tiff,6811.33,93.13,wt
wtewat_2_0186_RGB Trans.tiff,15357.42,139.83,wt
wtewat_2_0186_RGB Trans.tiff,969.92,35.14,wt
wtewat_2_0186_RGB Trans.tiff,10183.98,113.87,wt
wtewat_2_0186_RGB Trans.tiff,1574.61,44.78,wt
wtewat_2_0186_RGB Trans.tiff,717.58,30.23,wt
wtewat_2_0186_RGB Trans.tiff,938.28,34.56,wt
wtewat_2_0186_RGB Trans.tiff,8373.05,103.25,wt
wtewat_2_0186_RGB Trans.tiff,11301.95,119.96,wt
wtewat_2_0186_RGB Trans.tiff,2608.2,57.63,wt
wtewat_2_0186_RGB Trans.tiff,573.83,27.03,wt
wtewat_2_0186_RGB Trans.tiff,3051.56,62.33,wt
wtewat_2_0186_RGB Trans.tiff,1417.97,42.49,wt
wtewat_2_0186_RGB Trans.tiff,6601.17,91.68,wt
wtewat_2_0186_RGB Trans.tiff,667.19,29.15,wt
wtewat_2_0186_RGB Trans.tiff,10223.83,114.09,wt
wtewat_2_0186_RGB Trans.tiff,7192.97,95.7,wt
wtewat_2_0186_RGB Trans.tiff,2930.08,61.08,wt
wtewat_2_0186_RGB Trans.tiff,4335.94,74.3,wt
wtewat_2_0186_RGB Trans.tiff,1616.02,45.36,wt
wtewat_2_0186_RGB Trans.tiff,3009.77,61.9,wt
wtewat_2_0186_RGB Trans.tiff,5978.91,87.25,wt
wtewat_2_0186_RGB Trans.tiff,6432.03,90.5,wt
wtewat_2_0186_RGB Trans.tiff,8419.53,103.54,wt
wtewat_2_0186_RGB Trans.tiff,11109.38,118.93,wt
wtewat_2_0186_RGB Trans.tiff,9601.56,110.57,wt
wtewat_2_0186_RGB Trans.tiff,4929.3,79.22,wt
wtewat_2_0186_RGB Trans.tiff,9592.19,110.51,wt
wtewat_2_0186_RGB Trans.tiff,1524.61,44.06,wt
wtewat_2_0186_RGB Trans.tiff,1627.34,45.52,wt
wtewat_2_0186_RGB Trans.tiff,2733.2,58.99,wt
wtewat_2_0186_RGB Trans.tiff,2125,52.02,wt
wtewat_2_0186_RGB Trans.tiff,501.56,25.27,wt
wtewat_2_0186_RGB Trans.tiff,4325.78,74.21,wt
wtewat_2_0186_RGB Trans.tiff,3254.3,64.37,wt
wtewat_2_0186_RGB Trans.tiff,1029.3,36.2,wt
wtewat_2_0186_RGB Trans.tiff,8241.41,102.44,wt
wtewat_2_0186_RGB Trans.tiff,5341.41,82.47,wt
wtewat_2_0186_RGB Trans.tiff,3596.88,67.67,wt
wtewat_2_0186_RGB Trans.tiff,9760.55,111.48,wt
wtewat_2_0186_RGB Trans.tiff,8249.22,102.49,wt
wtewat_2_0186_RGB Trans.tiff,1064.45,36.81,wt
wtewat_2_0186_RGB Trans.tiff,2637.89,57.95,wt
wtewat_2_0186_RGB Trans.tiff,5712.5,85.28,wt
wtewat_2_0186_RGB Trans.tiff,659.77,28.98,wt
wtewat_2_0186_RGB Trans.tiff,3496.88,66.73,wt
wtewat_2_0186_RGB Trans.tiff,4688.67,77.26,wt
wtewat_2_0186_RGB Trans.tiff,1084.38,37.16,wt
wtewat_2_0186_RGB Trans.tiff,8059.38,101.3,wt
wtewat_2_0186_RGB Trans.tiff,5936.33,86.94,wt
wtewat_2_0186_RGB Trans.tiff,10188.67,113.9,wt
wtewat_2_0186_RGB Trans.tiff,749.61,30.89,wt
wtewat_2_0186_RGB Trans.tiff,1226.95,39.52,wt
wtewat_2_0186_RGB Trans.tiff,4457.03,75.33,wt
wtewat_2_0186_RGB Trans.tiff,538.28,26.18,wt
wtewat_2_0186_RGB Trans.tiff,3884.77,70.33,wt
wtewat_2_0186_RGB Trans.tiff,3350.39,65.31,wt
wtewat_2_0186_RGB Trans.tiff,6682.81,92.24,wt
wtewat_2_0186_RGB Trans.tiff,6300.78,89.57,wt
wtewat_2_0186_RGB Trans.tiff,510.94,25.51,wt
wtewat_2_0186_RGB Trans.tiff,530.47,25.99,wt
wtewat_2_0186_RGB Trans.tiff,4147.66,72.67,wt
wtewat_2_0186_RGB Trans.tiff,10149.61,113.68,wt
wtewat_2_0186_RGB Trans.tiff,5338.28,82.44,wt
wtewat_2_0186_RGB Trans.tiff,8021.48,101.06,wt
wtewat_2_0186_RGB Trans.tiff,5861.72,86.39,wt
wtewat_2_0186_RGB Trans.tiff,17811.33,150.59,wt
wtewat_2_0186_RGB Trans.tiff,16798.05,146.25,wt
wtewat_2_0186_RGB Trans.tiff,13743.75,132.28,wt
wtewat_2_0186_RGB Trans.tiff,1951.17,49.84,wt
wtewat_2_0186_RGB Trans.tiff,7576.56,98.22,wt
wtewat_2_0186_RGB Trans.tiff,6686.72,92.27,wt
wtewat_2_0186_RGB Trans.tiff,6381.64,90.14,wt
wtewat_2_0186_RGB Trans.tiff,5882.81,86.55,wt
wtewat_2_0186_RGB Trans.tiff,2426.95,55.59,wt
wtewat_2_0186_RGB Trans.tiff,2642.58,58.01,wt
wtewat_2_0186_RGB Trans.tiff,14497.66,135.86,wt
wtewat_2_0186_RGB Trans.tiff,3930.08,70.74,wt
wtewat_2_0186_RGB Trans.tiff,6854.3,93.42,wt
wtewat_2_0186_RGB Trans.tiff,5828.91,86.15,wt
wtewat_2_0186_RGB Trans.tiff,2499.61,56.41,wt
wtewat_2_0186_RGB Trans.tiff,1983.2,50.25,wt
wtewat_2_0186_RGB Trans.tiff,4669.53,77.11,wt
wtewat_2_0186_RGB Trans.tiff,2882.81,60.58,wt
wtewat_2_0186_RGB Trans.tiff,5308.59,82.21,wt
wtewat_2_0186_RGB Trans.tiff,1950,49.83,wt
wtewat_2_0186_RGB Trans.tiff,2157.42,52.41,wt
wtewat_2_0186_RGB Trans.tiff,8984.77,106.96,wt
wtewat_2_0186_RGB Trans.tiff,2829.3,60.02,wt
wtewat_2_0186_RGB Trans.tiff,7775.39,99.5,wt
wtewat_2_0186_RGB Trans.tiff,10458.2,115.39,wt
koewat_1_0178_RGB Trans.tiff,1453.91,43.03,ko
koewat_1_0178_RGB Trans.tiff,1503.12,43.75,ko
koewat_1_0178_RGB Trans.tiff,1878.91,48.91,ko
koewat_1_0178_RGB Trans.tiff,2061.72,51.24,ko
koewat_1_0178_RGB Trans.tiff,562.89,26.77,ko
koewat_1_0178_RGB Trans.tiff,939.45,34.59,ko
koewat_1_0178_RGB Trans.tiff,1341.02,41.32,ko
koewat_1_0178_RGB Trans.tiff,2937.11,61.15,ko
koewat_1_0178_RGB Trans.tiff,804.3,32,ko
koewat_1_0178_RGB Trans.tiff,6362.89,90.01,ko
koewat_1_0178_RGB Trans.tiff,2901.17,60.78,ko
koewat_1_0178_RGB Trans.tiff,662.11,29.03,ko
koewat_1_0178_RGB Trans.tiff,5807.42,85.99,ko
koewat_1_0178_RGB Trans.tiff,1655.47,45.91,ko
koewat_1_0178_RGB Trans.tiff,7720.7,99.15,ko
koewat_1_0178_RGB Trans.tiff,835.55,32.62,ko
koewat_1_0178_RGB Trans.tiff,1153.91,38.33,ko
koewat_1_0178_RGB Trans.tiff,3080.47,62.63,ko
koewat_1_0178_RGB Trans.tiff,662.11,29.03,ko
koewat_1_0178_RGB Trans.tiff,4039.45,71.72,ko
koewat_1_0178_RGB Trans.tiff,4102.34,72.27,ko
koewat_1_0178_RGB Trans.tiff,3858.2,70.09,ko
koewat_1_0178_RGB Trans.tiff,6341.02,89.85,ko
koewat_1_0178_RGB Trans.tiff,840.23,32.71,ko
koewat_1_0178_RGB Trans.tiff,3015.23,61.96,ko
koewat_1_0178_RGB Trans.tiff,9455.86,109.72,ko
koewat_1_0178_RGB Trans.tiff,2666.41,58.27,ko
koewat_1_0178_RGB Trans.tiff,2083.59,51.51,ko
koewat_1_0178_RGB Trans.tiff,4540.62,76.03,ko
koewat_1_0178_RGB Trans.tiff,2763.67,59.32,ko
koewat_1_0178_RGB Trans.tiff,4185.16,73,ko
koewat_1_0178_RGB Trans.tiff,504.69,25.35,ko
koewat_1_0178_RGB Trans.tiff,3477.34,66.54,ko
koewat_1_0178_RGB Trans.tiff,1026.17,36.15,ko
koewat_1_0178_RGB Trans.tiff,807.81,32.07,ko
koewat_1_0178_RGB Trans.tiff,4165.62,72.83,ko
koewat_1_0178_RGB Trans.tiff,621.88,28.14,ko
koewat_1_0178_RGB Trans.tiff,3289.84,64.72,ko
koewat_1_0178_RGB Trans.tiff,1156.25,38.37,ko
koewat_1_0178_RGB Trans.tiff,3601.56,67.72,ko
koewat_1_0178_RGB Trans.tiff,1472.66,43.3,ko
koewat_1_0178_RGB Trans.tiff,557.81,26.65,ko
koewat_1_0178_RGB Trans.tiff,3303.52,64.85,ko
koewat_1_0178_RGB Trans.tiff,3985.16,71.23,ko
koewat_1_0178_RGB Trans.tiff,4980.86,79.64,ko
koewat_1_0178_RGB Trans.tiff,3550.78,67.24,ko
koewat_1_0178_RGB Trans.tiff,6207.81,88.9,ko
koewat_1_0178_RGB Trans.tiff,558.98,26.68,ko
koewat_1_0178_RGB Trans.tiff,3980.47,71.19,ko
koewat_1_0178_RGB Trans.tiff,3085.55,62.68,ko
koewat_1_0178_RGB Trans.tiff,2178.52,52.67,ko
koewat_1_0178_RGB Trans.tiff,6419.92,90.41,ko
koewat_1_0178_RGB Trans.tiff,2091.02,51.6,ko
koewat_1_0178_RGB Trans.tiff,4335.16,74.29,ko
koewat_1_0178_RGB Trans.tiff,7001.56,94.42,ko
koewat_1_0178_RGB Trans.tiff,1238.28,39.71,ko
koewat_1_0178_RGB Trans.tiff,5630.86,84.67,ko
koewat_1_0178_RGB Trans.tiff,1687.89,46.36,ko
koewat_1_0178_RGB Trans.tiff,1457.81,43.08,ko
koewat_1_0178_RGB Trans.tiff,3078.91,62.61,ko
koewat_1_0178_RGB Trans.tiff,775,31.41,ko
koewat_1_0178_RGB Trans.tiff,5407.03,82.97,ko
koewat_1_0178_RGB Trans.tiff,2796.48,59.67,ko
koewat_1_0178_RGB Trans.tiff,6405.08,90.31,ko
koewat_1_0178_RGB Trans.tiff,1039.84,36.39,ko
koewat_1_0178_RGB Trans.tiff,791.8,31.75,ko
koewat_1_0178_RGB Trans.tiff,1646.88,45.79,ko
koewat_1_0178_RGB Trans.tiff,6699.22,92.36,ko
koewat_1_0178_RGB Trans.tiff,8221.48,102.31,ko
koewat_1_0178_RGB Trans.tiff,7807.03,99.7,ko
koewat_1_0178_RGB Trans.tiff,5991.02,87.34,ko
koewat_1_0178_RGB Trans.tiff,1662.11,46,ko
koewat_1_0178_RGB Trans.tiff,528.91,25.95,ko
koewat_1_0178_RGB Trans.tiff,523.05,25.81,ko
koewat_1_0178_RGB Trans.tiff,3546.88,67.2,ko
koewat_1_0178_RGB Trans.tiff,3736.33,68.97,ko
koewat_1_0178_RGB Trans.tiff,1632.42,45.59,ko
koewat_1_0178_RGB Trans.tiff,3112.5,62.95,ko
koewat_1_0178_RGB Trans.tiff,581.25,27.2,ko
koewat_1_0178_RGB Trans.tiff,2175,52.62,ko
koewat_1_0178_RGB Trans.tiff,3492.97,66.69,ko
koewat_1_0178_RGB Trans.tiff,2913.67,60.91,ko
koewat_1_0178_RGB Trans.tiff,707.03,30,ko
koewat_1_0178_RGB Trans.tiff,1702.73,46.56,ko
koewat_1_0178_RGB Trans.tiff,4291.41,73.92,ko
koewat_1_0178_RGB Trans.tiff,3397.66,65.77,ko
koewat_1_0178_RGB Trans.tiff,921.88,34.26,ko
koewat_1_0178_RGB Trans.tiff,2575.78,57.27,ko
koewat_1_0178_RGB Trans.tiff,508.59,25.45,ko
koewat_1_0178_RGB Trans.tiff,7169.53,95.54,ko
koewat_1_0178_RGB Trans.tiff,920.7,34.24,ko
koewat_1_0178_RGB Trans.tiff,6279.69,89.42,ko
koewat_1_0178_RGB Trans.tiff,614.06,27.96,ko
koewat_1_0178_RGB Trans.tiff,2648.83,58.07,ko
koewat_1_0178_RGB Trans.tiff,1204.3,39.16,ko
koewat_1_0178_RGB Trans.tiff,593.36,27.49,ko
koewat_1_0178_RGB Trans.tiff,3267.58,64.5,ko
koewat_1_0178_RGB Trans.tiff,668.75,29.18,ko
koewat_1_0178_RGB Trans.tiff,7814.06,99.75,ko
koewat_1_0178_RGB Trans.tiff,3398.05,65.78,ko
koewat_1_0178_RGB Trans.tiff,6924.61,93.9,ko
koewat_1_0178_RGB Trans.tiff,789.84,31.71,ko
koewat_1_0178_RGB Trans.tiff,4604.69,76.57,ko
koewat_1_0178_RGB Trans.tiff,3991.41,71.29,ko
koewat_1_0178_RGB Trans.tiff,1123.44,37.82,ko
koewat_1_0178_RGB Trans.tiff,694.92,29.75,ko
koewat_1_0178_RGB Trans.tiff,9948.44,112.55,ko
koewat_1_0178_RGB Trans.tiff,1610.94,45.29,ko
koewat_1_0178_RGB Trans.tiff,682.03,29.47,ko
koewat_1_0178_RGB Trans.tiff,3343.75,65.25,ko
koewat_1_0178_RGB Trans.tiff,3691.41,68.56,ko
koewat_1_0178_RGB Trans.tiff,1558.59,44.55,ko
koewat_1_0178_RGB Trans.tiff,5901.56,86.68,ko
koewat_1_0178_RGB Trans.tiff,2021.09,50.73,ko
koewat_1_0178_RGB Trans.tiff,2800,59.71,ko
koewat_1_0178_RGB Trans.tiff,1154.3,38.34,ko
koewat_1_0178_RGB Trans.tiff,719.53,30.27,ko
koewat_1_0178_RGB Trans.tiff,1351.17,41.48,ko
koewat_1_0178_RGB Trans.tiff,561.33,26.73,ko
koewat_1_0178_RGB Trans.tiff,1573.44,44.76,ko
koewat_1_0178_RGB Trans.tiff,6765.23,92.81,ko
koewat_1_0178_RGB Trans.tiff,803.12,31.98,ko
koewat_1_0178_RGB Trans.tiff,586.33,27.32,ko
koewat_1_0178_RGB Trans.tiff,1944.92,49.76,ko
koewat_1_0178_RGB Trans.tiff,9398.83,109.39,ko
koewat_1_0178_RGB Trans.tiff,912.11,34.08,ko
koewat_1_0178_RGB Trans.tiff,4036.72,71.69,ko
koewat_1_0178_RGB Trans.tiff,3764.45,69.23,ko
koewat_1_0178_RGB Trans.tiff,769.92,31.31,ko
koewat_1_0178_RGB Trans.tiff,966.41,35.08,ko
koewat_1_0178_RGB Trans.tiff,1312.89,40.89,ko
koewat_1_0178_RGB Trans.tiff,7780.08,99.53,ko
koewat_1_0178_RGB Trans.tiff,7930.08,100.48,ko
koewat_1_0178_RGB Trans.tiff,1253.52,39.95,ko
koewat_1_0178_RGB Trans.tiff,1005.08,35.77,ko
koewat_1_0178_RGB Trans.tiff,956.64,34.9,ko
koewat_1_0178_RGB Trans.tiff,1547.27,44.39,ko
koewat_1_0178_RGB Trans.tiff,507.81,25.43,ko
koewat_1_0178_RGB Trans.tiff,555.47,26.59,ko
koewat_1_0178_RGB Trans.tiff,2991.02,61.71,ko
koewat_1_0178_RGB Trans.tiff,1796.09,47.82,ko
koewat_1_0178_RGB Trans.tiff,1220.7,39.42,ko
koewat_1_0178_RGB Trans.tiff,1316.41,40.94,ko
koewat_1_0178_RGB Trans.tiff,1423.83,42.58,ko
koewat_1_0178_RGB Trans.tiff,675,29.32,ko
koewat_1_0178_RGB Trans.tiff,4314.84,74.12,ko
koewat_1_0178_RGB Trans.tiff,4712.89,77.46,ko
koewat_1_0178_RGB Trans.tiff,2773.44,59.42,ko
koewat_1_0178_RGB Trans.tiff,776.95,31.45,ko
koewat_1_0178_RGB Trans.tiff,2118.75,51.94,ko
koewat_1_0178_RGB Trans.tiff,4270.7,73.74,ko
koewat_1_0178_RGB Trans.tiff,906.64,33.98,ko
koewat_1_0178_RGB Trans.tiff,566.8,26.86,ko
koewat_1_0178_RGB Trans.tiff,1972.27,50.11,ko
koewat_1_0178_RGB Trans.tiff,3365.62,65.46,ko
koewat_1_0178_RGB Trans.tiff,4437.89,75.17,ko
koewat_1_0178_RGB Trans.tiff,4223.44,73.33,ko
koewat_1_0178_RGB Trans.tiff,8445.7,103.7,ko
koewat_1_0178_RGB Trans.tiff,4373.44,74.62,ko
koewat_1_0178_RGB Trans.tiff,5099.61,80.58,ko
koewat_1_0178_RGB Trans.tiff,10600.78,116.18,ko
koewat_1_0178_RGB Trans.tiff,6382.42,90.15,ko
koewat_1_0178_RGB Trans.tiff,6065.62,87.88,ko
koewat_1_0178_RGB Trans.tiff,4941.8,79.32,ko
koewat_1_0178_RGB Trans.tiff,3414.84,65.94,ko
koewat_1_0178_RGB Trans.tiff,6767.19,92.82,ko
koewat_1_0178_RGB Trans.tiff,3557.81,67.3,ko
koewat_1_0178_RGB Trans.tiff,12429.3,125.8,ko
koewat_1_0178_RGB Trans.tiff,7380.08,96.94,ko
koewat_1_0178_RGB Trans.tiff,6866.02,93.5,ko
koewat_1_0178_RGB Trans.tiff,8430.47,103.6,ko
koewat_1_0178_RGB Trans.tiff,5587.5,84.35,ko
koewat_1_0178_RGB Trans.tiff,5424.61,83.11,ko
koewat_1_0178_RGB Trans.tiff,3437.11,66.15,ko
wtewat_2_0187_RGB Trans.tiff,6552.73,91.34,wt
wtewat_2_0187_RGB Trans.tiff,1564.45,44.63,wt
wtewat_2_0187_RGB Trans.tiff,4936.33,79.28,wt
wtewat_2_0187_RGB Trans.tiff,11762.5,122.38,wt
wtewat_2_0187_RGB Trans.tiff,6044.14,87.72,wt
wtewat_2_0187_RGB Trans.tiff,680.86,29.44,wt
wtewat_2_0187_RGB Trans.tiff,3479.69,66.56,wt
wtewat_2_0187_RGB Trans.tiff,9877.34,112.14,wt
wtewat_2_0187_RGB Trans.tiff,2573.44,57.24,wt
wtewat_2_0187_RGB Trans.tiff,10967.19,118.17,wt
wtewat_2_0187_RGB Trans.tiff,927.73,34.37,wt
wtewat_2_0187_RGB Trans.tiff,1920.31,49.45,wt
wtewat_2_0187_RGB Trans.tiff,8141.8,101.82,wt
wtewat_2_0187_RGB Trans.tiff,12909.38,128.21,wt
wtewat_2_0187_RGB Trans.tiff,5478.52,83.52,wt
wtewat_2_0187_RGB Trans.tiff,6730.47,92.57,wt
wtewat_2_0187_RGB Trans.tiff,15650,141.16,wt
wtewat_2_0187_RGB Trans.tiff,7393.36,97.02,wt
wtewat_2_0187_RGB Trans.tiff,9334.38,109.02,wt
wtewat_2_0187_RGB Trans.tiff,1894.53,49.11,wt
wtewat_2_0187_RGB Trans.tiff,3857.42,70.08,wt
wtewat_2_0187_RGB Trans.tiff,6151.17,88.5,wt
wtewat_2_0187_RGB Trans.tiff,976.56,35.26,wt
wtewat_2_0187_RGB Trans.tiff,2761.33,59.29,wt
wtewat_2_0187_RGB Trans.tiff,960.94,34.98,wt
wtewat_2_0187_RGB Trans.tiff,10344.92,114.77,wt
wtewat_2_0187_RGB Trans.tiff,2311.72,54.25,wt
wtewat_2_0187_RGB Trans.tiff,2666.02,58.26,wt
wtewat_2_0187_RGB Trans.tiff,8572.66,104.47,wt
wtewat_2_0187_RGB Trans.tiff,5462.89,83.4,wt
wtewat_2_0187_RGB Trans.tiff,15765.23,141.68,wt
wtewat_2_0187_RGB Trans.tiff,9137.5,107.86,wt
wtewat_2_0187_RGB Trans.tiff,2950.78,61.29,wt
wtewat_2_0187_RGB Trans.tiff,3733.59,68.95,wt
wtewat_2_0187_RGB Trans.tiff,7128.12,95.27,wt
wtewat_2_0187_RGB Trans.tiff,4629.3,76.77,wt
wtewat_2_0187_RGB Trans.tiff,1680.08,46.25,wt
wtewat_2_0187_RGB Trans.tiff,13642.19,131.79,wt
wtewat_2_0187_RGB Trans.tiff,2883.59,60.59,wt
wtewat_2_0187_RGB Trans.tiff,17302.34,148.42,wt
wtewat_2_0187_RGB Trans.tiff,4021.88,71.56,wt
wtewat_2_0187_RGB Trans.tiff,5510.94,83.77,wt
wtewat_2_0187_RGB Trans.tiff,3069.53,62.52,wt
wtewat_2_0187_RGB Trans.tiff,3431.25,66.1,wt
wtewat_2_0187_RGB Trans.tiff,8451.56,103.73,wt
wtewat_2_0187_RGB Trans.tiff,2473.83,56.12,wt
wtewat_2_0187_RGB Trans.tiff,729.69,30.48,wt
wtewat_2_0187_RGB Trans.tiff,3244.14,64.27,wt
wtewat_2_0187_RGB Trans.tiff,1562.11,44.6,wt
wtewat_2_0187_RGB Trans.tiff,5649.61,84.81,wt
wtewat_2_0187_RGB Trans.tiff,7080.86,94.95,wt
wtewat_2_0187_RGB Trans.tiff,6378.12,90.12,wt
wtewat_2_0187_RGB Trans.tiff,10323.05,114.65,wt
wtewat_2_0187_RGB Trans.tiff,11279.69,119.84,wt
wtewat_2_0187_RGB Trans.tiff,5578.52,84.28,wt
wtewat_2_0187_RGB Trans.tiff,13403.12,130.63,wt
wtewat_2_0187_RGB Trans.tiff,3687.5,68.52,wt
wtewat_2_0187_RGB Trans.tiff,10593.36,116.14,wt
wtewat_2_0187_RGB Trans.tiff,6909.38,93.79,wt
wtewat_2_0187_RGB Trans.tiff,11793.75,122.54,wt
wtewat_2_0187_RGB Trans.tiff,6553.12,91.34,wt
wtewat_2_0187_RGB Trans.tiff,2309.38,54.23,wt
wtewat_2_0187_RGB Trans.tiff,1129.3,37.92,wt
wtewat_2_0187_RGB Trans.tiff,4117.97,72.41,wt
wtewat_2_0187_RGB Trans.tiff,8226.56,102.34,wt
wtewat_2_0187_RGB Trans.tiff,2722.66,58.88,wt
wtewat_2_0187_RGB Trans.tiff,1260.94,40.07,wt
wtewat_2_0187_RGB Trans.tiff,5125,80.78,wt
wtewat_2_0187_RGB Trans.tiff,1327.34,41.11,wt
wtewat_2_0187_RGB Trans.tiff,1062.11,36.77,wt
wtewat_2_0187_RGB Trans.tiff,6405.47,90.31,wt
wtewat_2_0187_RGB Trans.tiff,6245.7,89.18,wt
wtewat_2_0187_RGB Trans.tiff,3941.41,70.84,wt
wtewat_2_0187_RGB Trans.tiff,2064.84,51.27,wt
wtewat_2_0187_RGB Trans.tiff,12702.73,127.18,wt
wtewat_2_0187_RGB Trans.tiff,3028.91,62.1,wt
wtewat_2_0187_RGB Trans.tiff,4317.58,74.14,wt
wtewat_2_0187_RGB Trans.tiff,498.44,25.19,wt
wtewat_2_0187_RGB Trans.tiff,3370.7,65.51,wt
wtewat_2_0187_RGB Trans.tiff,1015.62,35.96,wt
wtewat_2_0187_RGB Trans.tiff,1103.12,37.48,wt
wtewat_2_0187_RGB Trans.tiff,3927.34,70.71,wt
wtewat_2_0187_RGB Trans.tiff,11453.91,120.76,wt
wtewat_2_0187_RGB Trans.tiff,7806.25,99.7,wt
wtewat_2_0187_RGB Trans.tiff,3493.75,66.7,wt
wtewat_2_0187_RGB Trans.tiff,6976.56,94.25,wt
wtewat_2_0187_RGB Trans.tiff,781.64,31.55,wt
wtewat_2_0187_RGB Trans.tiff,3111.72,62.94,wt
wtewat_2_0187_RGB Trans.tiff,999.22,35.67,wt
wtewat_2_0187_RGB Trans.tiff,18485.16,153.41,wt
wtewat_2_0187_RGB Trans.tiff,919.14,34.21,wt
wtewat_2_0187_RGB Trans.tiff,1284.38,40.44,wt
wtewat_2_0187_RGB Trans.tiff,1864.84,48.73,wt
wtewat_2_0187_RGB Trans.tiff,601.56,27.68,wt
wtewat_2_0187_RGB Trans.tiff,7704.69,99.04,wt
wtewat_2_0187_RGB Trans.tiff,6890.23,93.66,wt
wtewat_2_0187_RGB Trans.tiff,915.23,34.14,wt
wtewat_2_0187_RGB Trans.tiff,932.42,34.46,wt
wtewat_2_0187_RGB Trans.tiff,667.58,29.15,wt
wtewat_2_0187_RGB Trans.tiff,7828.91,99.84,wt
wtewat_2_0187_RGB Trans.tiff,630.08,28.32,wt
wtewat_2_0187_RGB Trans.tiff,1232.81,39.62,wt
wtewat_2_0187_RGB Trans.tiff,13698.44,132.07,wt
wtewat_2_0187_RGB Trans.tiff,520.7,25.75,wt
wtewat_2_0187_RGB Trans.tiff,2566.8,57.17,wt
wtewat_2_0187_RGB Trans.tiff,4773.83,77.96,wt
wtewat_2_0187_RGB Trans.tiff,613.67,27.95,wt
wtewat_2_0187_RGB Trans.tiff,2208.2,53.02,wt
wtewat_2_0187_RGB Trans.tiff,1432.81,42.71,wt
wtewat_2_0187_RGB Trans.tiff,7092.19,95.03,wt
wtewat_2_0187_RGB Trans.tiff,7078.52,94.93,wt
wtewat_2_0187_RGB Trans.tiff,7344.53,96.7,wt
wtewat_2_0187_RGB Trans.tiff,2340.62,54.59,wt
wtewat_2_0187_RGB Trans.tiff,5463.28,83.4,wt
wtewat_2_0187_RGB Trans.tiff,9249.61,108.52,wt
wtewat_2_0187_RGB Trans.tiff,8805.86,105.89,wt
wtewat_2_0187_RGB Trans.tiff,5488.28,83.59,wt
wtewat_2_0187_RGB Trans.tiff,1183.2,38.81,wt
wtewat_2_0187_RGB Trans.tiff,2299.22,54.11,wt
wtewat_2_0187_RGB Trans.tiff,987.89,35.47,wt
wtewat_2_0187_RGB Trans.tiff,3071.48,62.54,wt
wtewat_2_0187_RGB Trans.tiff,5041.02,80.11,wt
wtewat_2_0187_RGB Trans.tiff,4515.23,75.82,wt
wtewat_2_0187_RGB Trans.tiff,6684.77,92.26,wt
wtewat_2_0187_RGB Trans.tiff,10179.69,113.85,wt
wtewat_2_0187_RGB Trans.tiff,1858.2,48.64,wt
wtewat_2_0187_RGB Trans.tiff,1655.08,45.91,wt
wtewat_2_0187_RGB Trans.tiff,3226.17,64.09,wt
wtewat_2_0187_RGB Trans.tiff,1520.7,44,wt
wtewat_2_0187_RGB Trans.tiff,4011.33,71.47,wt
wtewat_2_0187_RGB Trans.tiff,4529.3,75.94,wt
wtewat_2_0187_RGB Trans.tiff,982.03,35.36,wt
wtewat_2_0187_RGB Trans.tiff,3746.48,69.07,wt
wtewat_2_0187_RGB Trans.tiff,3451.17,66.29,wt
wtewat_2_0187_RGB Trans.tiff,3350.78,65.32,wt
wtewat_2_0187_RGB Trans.tiff,3247.27,64.3,wt
wtewat_2_0187_RGB Trans.tiff,4147.66,72.67,wt
wtewat_2_0187_RGB Trans.tiff,783.59,31.59,wt
wtewat_2_0187_RGB Trans.tiff,7267.97,96.2,wt
wtewat_2_0187_RGB Trans.tiff,5567.58,84.2,wt
wtewat_2_0187_RGB Trans.tiff,1361.72,41.64,wt
wtewat_2_0187_RGB Trans.tiff,1008.98,35.84,wt
wtewat_2_0187_RGB Trans.tiff,2888.67,60.65,wt
wtewat_2_0187_RGB Trans.tiff,4491.02,75.62,wt
wtewat_2_0187_RGB Trans.tiff,3370.31,65.51,wt
wtewat_2_0187_RGB Trans.tiff,4974.61,79.59,wt
wtewat_2_0187_RGB Trans.tiff,2444.53,55.79,wt
wtewat_2_0187_RGB Trans.tiff,2376.56,55.01,wt
wtewat_2_0187_RGB Trans.tiff,1882.03,48.95,wt
wtewat_2_0187_RGB Trans.tiff,6445.7,90.59,wt
wtewat_2_0187_RGB Trans.tiff,1530.47,44.14,wt
wtewat_2_0187_RGB Trans.tiff,2711.72,58.76,wt
wtewat_2_0187_RGB Trans.tiff,5171.88,81.15,wt
wtewat_2_0187_RGB Trans.tiff,727.34,30.43,wt
wtewat_2_0187_RGB Trans.tiff,2624.61,57.81,wt
wtewat_2_0187_RGB Trans.tiff,5797.27,85.91,wt
wtewat_2_0187_RGB Trans.tiff,5281.64,82,wt
wtewat_2_0187_RGB Trans.tiff,4315.23,74.12,wt
wtewat_2_0187_RGB Trans.tiff,5252.73,81.78,wt
wtewat_2_0187_RGB Trans.tiff,1442.58,42.86,wt
wtewat_2_0187_RGB Trans.tiff,2664.84,58.25,wt
wtewat_2_0187_RGB Trans.tiff,1883.2,48.97,wt
wtewat_2_0187_RGB Trans.tiff,2875.78,60.51,wt